FaceRectX,FaceRectY,FaceRectWidth,FaceRectHeight,FaceScore,x_0,x_1,x_2,x_3,x_4,x_5,x_6,x_7,x_8,x_9,x_10,x_11,x_12,x_13,x_14,x_15,x_16,x_17,x_18,x_19,x_20,x_21,x_22,x_23,x_24,x_25,x_26,x_27,x_28,x_29,x_30,x_31,x_32,x_33,x_34,x_35,x_36,x_37,x_38,x_39,x_40,x_41,x_42,x_43,x_44,x_45,x_46,x_47,x_48,x_49,x_50,x_51,x_52,x_53,x_54,x_55,x_56,x_57,x_58,x_59,x_60,x_61,x_62,x_63,x_64,x_65,x_66,x_67,y_0,y_1,y_2,y_3,y_4,y_5,y_6,y_7,y_8,y_9,y_10,y_11,y_12,y_13,y_14,y_15,y_16,y_17,y_18,y_19,y_20,y_21,y_22,y_23,y_24,y_25,y_26,y_27,y_28,y_29,y_30,y_31,y_32,y_33,y_34,y_35,y_36,y_37,y_38,y_39,y_40,y_41,y_42,y_43,y_44,y_45,y_46,y_47,y_48,y_49,y_50,y_51,y_52,y_53,y_54,y_55,y_56,y_57,y_58,y_59,y_60,y_61,y_62,y_63,y_64,y_65,y_66,y_67,Pitch,Roll,Yaw,AU01,AU02,AU04,AU05,AU06,AU07,AU09,AU10,AU11,AU12,AU14,AU15,AU17,AU20,AU23,AU24,AU25,AU26,AU28,AU43,anger,disgust,fear,happiness,sadness,surprise,neutral,input,frame,approx_time
348.92,137.85999999999999,143.95999999999998,174.46,0.9862865805625916,354.0104228137731,355.1930305097103,358.344341497302,362.9270254786015,370.5988096256256,382.4965871932506,397.9157243845463,415.654306374073,434.2348588981628,450.19571876716617,461.7132996792793,470.6579692764282,477.5957455868721,482.1127466449737,485.48529568672177,487.52895019721984,487.5875235795975,372.9550094084739,383.7012160601616,396.3896032671928,409.089919778347,420.86373740124696,445.80366344356537,455.40458202934263,465.269455186367,475.20280953693384,482.98359832429884,433.91634897375104,434.79312787008286,435.69315393543246,436.75026996898646,420.5890888826847,427.81775428628924,435.58121064329146,442.4371289672851,448.04823189306256,387.5679452600479,395.5541277146339,404.52428434491156,412.81169420695306,404.641792981863,395.94275349664684,448.8286779150963,456.0450833382606,464.094356338501,470.933091972351,465.01358658695216,457.1851804099083,409.91666048479084,420.0218292584419,429.3511565217972,435.4103445749282,441.51260789775847,448.7412296271324,455.72981778526304,449.5575758666992,443.1481579194069,436.6044853873253,429.9040722808838,420.46602737927435,413.8282743153572,429.31002787494657,435.53778597974775,441.80652299118043,452.5542520017624,442.2060298957824,436.0678289203643,429.90684247493743,200.80698800754547,220.37262528061865,239.89368988180158,258.9619587779045,276.8152979278564,292.1900621008873,304.1122036499977,312.4038686299324,313.6065945482254,309.5602020421028,297.8995193939209,283.72073035097117,267.4466139435768,250.29785243797298,233.18998249053953,216.04169516229626,199.20250284218787,192.80186965441703,187.16955977010727,185.827550491333,187.67727893972395,191.4811047692299,190.06821221423147,185.4885511136055,183.15562969565391,182.95134036254882,187.0334895851612,203.56715570569037,217.54166789388657,231.2345873608589,244.8816987991333,250.54350126743316,253.58493724966047,255.70750485563275,252.90390625476837,248.75235867977142,205.63576691937445,201.89422678184508,201.50365437698363,205.66974547076222,208.5015077111721,208.93885521697996,203.8741169157028,199.0823425555229,198.49775674009322,201.60323162269592,205.3128209409714,205.76130537557597,271.9359629745483,268.4148841137886,266.5483098907471,267.81433848667143,265.6499933595657,265.90866958808897,267.44575293731685,273.5022706232071,277.37941924667354,278.87451294279094,278.9514669370651,277.00322190284726,272.2358302416801,271.2823843531608,271.45305076789856,270.0330018782616,268.34376998806,269.99444377183914,271.46086221599575,271.42503686857225,-7.013311886808971,-1.4909865218876706,-2.179277691292665,0.26170793,0.099734485,0.55683017,0.38927144,0.062197678,0.0,0.07925379,0.018018601,1.0,0.058642007,0.49596867,0.19847238,0.40718007,0.0,0.5096072,0.8845471,0.10215801,0.25050652,0.25855154,0.06188671,0.014022804,0.12991032,0.0024618334,0.0015657918,0.7807792,0.0001860968,0.07107404,data/PEDFE_set_clips/1_dg_1.avi,0,00:00
350.14,136.64,143.95999999999998,174.45999999999998,0.9870207905769348,353.61487870931626,354.59122237300875,357.4710699412823,361.8086541405916,369.2994273194074,381.33334682250023,397.16222316670417,415.42874549460413,434.21034298038484,450.2351294445991,461.5943850317001,470.3690994801521,477.2100936956406,481.5206653833389,484.8929274230003,486.93342491054534,486.9282339162827,372.66743736076353,383.37554760503764,395.97945637178424,408.57418107175823,420.26561037826536,445.0250682606697,454.6539882674217,464.45189011144635,474.30567001390455,482.16462319564823,433.6997038764954,434.83453508377073,435.9756429018974,437.2586046209335,421.5278517944813,428.54152767848973,436.0271535372734,442.54900143241883,447.84456428146365,387.7801748678684,395.45240199637414,404.4630259208679,412.74078377795223,404.6335425953865,395.94579601836205,448.44567143440247,455.3480965747833,463.35053832149504,470.07751783847806,464.4915213561058,456.72912565898895,409.49898914337155,419.968245020628,429.5714533839226,435.6899136071205,441.8105824985504,448.9593802127838,455.6661822352409,449.6629346323013,443.22167193174363,436.6380811529159,429.8353081283569,420.1061183273792,413.50837085866925,429.5693445425033,435.8418874511719,442.105520816803,452.4084090714454,442.1876658053398,436.03666204118724,429.808754196167,201.14857260012624,220.730687536478,240.1804258799553,259.236590775013,277.19899071788785,292.60601142978663,304.4226485161781,312.62697751331325,313.85567088127135,309.88761746644974,298.0281796340942,283.70128503608703,267.31896884202956,250.24285629940033,233.3353762001991,216.40527908873557,199.78266103887557,193.00900624775883,187.27102968215942,186.0592631981373,187.9676461381912,191.91778064012527,190.34391111040114,185.73846349620817,183.55399078798294,183.41427068519593,187.4629716863632,203.90550216603276,217.81981878614425,231.55253171634672,245.28059022140502,250.68726031303405,253.67963141679763,255.90284940671918,253.07176099729537,248.982131002903,206.04671242928507,202.11645594143866,201.73926656866072,206.00985137867923,208.94052951216696,209.4045931687355,204.38304244232177,199.4495015296936,198.82048654341696,202.0593300478458,205.78503515720368,206.2871765036583,271.80877957201005,268.21054706335065,266.43444088935854,267.70308993911743,265.59806689548486,265.8739632492065,267.51677567148204,274.2754127664566,278.29643678379057,279.76692317056654,279.8106098794937,277.6085052604675,272.22910036706924,271.2995754785538,271.47547032260894,270.0930935764313,268.5367810873985,270.5865624685287,272.04279857778545,271.9886175751686,-6.286714035021876,-1.5087723993309512,-1.9814926024970536,0.36674997,0.17637557,0.70683366,0.3832806,0.056116633,0.0,0.1007304,0.14681228,0.0,0.049045976,0.64077806,0.17887641,0.3786364,0.0,0.70274997,0.85188407,0.07927074,0.26476556,0.21462457,0.038492344,0.02916583,0.28322828,0.0028272213,0.0019600706,0.5969876,0.0002857228,0.08554525,data/PEDFE_set_clips/1_dg_1.avi,10,00:00
350.14,139.07999999999998,143.95999999999998,173.24,0.9872161746025085,353.2748114290237,354.3420715334415,357.37202459621426,361.86898053503035,369.4772928049564,381.41179939699174,396.9153830037117,414.7581442637444,433.1541367321014,448.8131170034408,459.87565946674346,468.66391641712187,475.52433035087586,480.0330640211106,483.56847754096987,485.70734082698823,485.7215657987595,372.765705426693,383.30982325458524,395.8809747776985,408.49552609491343,420.15482347154614,443.99109939479825,453.37067156982425,463.0547919645309,472.7403249435424,480.3519487323761,432.88893022441863,433.8813078718185,434.8896824169159,436.074394569397,420.07102252721785,427.08136245918274,434.569905547142,441.1597104578018,446.4925755500793,387.20117704153057,395.03926659393306,403.87265189552306,412.0504307999611,404.0387420711517,395.4491638641357,447.28144192886356,454.2194612617493,462.0202598276138,468.65024904441833,463.0017580976486,455.39163363075255,408.8471852402687,418.8959382519722,428.1915174207687,434.2001306276321,440.23886657524105,447.22742916584014,453.8775786867142,448.0427133493423,441.9248107252121,435.4602797384262,428.7519416570663,419.3304008588791,412.6217777824402,428.17400881004335,434.34965391540527,440.5411843986511,450.80913579940795,440.92839358234403,434.84602860546113,428.70968803882596,200.623537856102,220.2559938659668,239.879193731308,258.9859081668854,276.7647314004898,291.99405061244966,303.636409368515,311.5165480861664,312.4333276910782,308.209651055336,296.49088883590696,282.3599902229309,266.1559506673813,249.18071442794803,232.3313344936371,215.3512781200409,198.6158218708038,192.53193278980254,186.68452766895294,185.1927271232605,186.99455275058745,190.96109567403792,189.67417561244963,185.13151513671875,182.92105613040926,183.058337020874,187.37649572086332,202.86527817010878,216.6773416361809,230.238789103508,243.7952243747711,249.8942677593231,252.76970702266695,254.81305978393556,252.10884060764312,248.10742296028138,205.09404501247406,201.58425007200242,201.17031950187686,205.08117686510084,207.86888101291657,208.32945164728164,203.48980771255495,199.1020048890114,198.56469623184205,201.43892116832734,204.9838200678825,205.40768829250334,271.6062709054947,267.7472021045685,265.614546754837,266.87106527614594,264.65481963062285,265.07125939655305,266.9263667125702,272.84388062286376,276.76124950408934,278.3278798446655,278.4987901544571,276.6038578739166,271.7949128656387,270.42160831737516,270.5477372264862,269.094150803566,267.75404198646544,269.2887033138275,270.8241204977035,270.85338825321196,-7.712497054099053,-0.48487142902822805,-2.126066423646575,0.30095667,0.14984666,0.6440672,0.26610836,0.051937513,0.0,0.13346739,0.052543666,1.0,0.055376515,0.546979,0.41900733,0.3738784,0.0,0.46259555,0.87542975,0.014308085,0.09263825,0.34643278,0.16649882,0.018931184,0.50949883,0.001683403,0.0017641853,0.42593724,0.00021699032,0.041968156,data/PEDFE_set_clips/1_dg_1.avi,20,00:00
348.92,139.07999999999998,145.17999999999995,173.24,0.9857498407363892,353.64576548004146,354.71341900157927,357.7928744704723,362.3364302024841,370.0592020721436,382.0996865625382,397.3863889141083,414.91448462915423,433.17989978694914,448.9353446969986,460.0595700082779,468.7337917537689,475.76235278415675,480.51480681133273,484.1762625026703,486.1968528308869,486.092135725975,372.8335919933319,383.6148567047119,396.48947842264175,409.3490511612892,421.16328053665165,443.78865573787687,453.2626232395172,462.9832106132508,472.7167095031738,480.3571549682617,432.9858800935745,433.97802231025696,434.9696564922333,436.12615413188934,419.36645471429824,426.759778468132,434.7015628604889,441.67259205818175,447.38787098217006,387.2038121261596,395.5482573919296,404.04291365098953,411.9866868133545,403.936189189434,395.6547959871292,447.8590545854569,455.2194861898422,462.7067777776718,469.34755963420866,463.29936928462985,455.9404865665436,407.71029847908017,418.3028778614998,428.1608266677856,434.4398754224777,440.7754027671814,448.20269669532775,455.16414758014673,448.79133544445034,442.14647691917423,435.29165136718746,428.2678609066009,418.44990434455866,411.58543852424623,428.0150207071304,434.50165739917753,441.03059727382663,452.0136385011673,441.29408141994475,434.88393492889406,428.46105039691923,199.64791296291352,219.0612697124481,238.6054639854431,257.6697761096954,275.5278527574539,290.8759405708313,302.7389846467972,310.94381949710845,311.97859945583343,307.73641053104404,295.63942266845703,281.3513554649353,265.23741152763364,248.5049787044525,231.85173733997345,215.09418158102037,198.62903077316284,192.49009427309036,186.58609284687043,185.2608161649704,187.3440682373047,191.55882328796386,190.38088906192777,185.76784099721905,183.4662021522522,183.35370344257356,187.47646084260938,203.5556229891777,217.46403337860104,231.09329108810425,244.7452864484787,249.9800760602951,253.08458941173555,255.26892799949647,252.3113605890274,248.07614784812927,205.37471560096742,203.12287035274505,202.85286849308014,205.4294098739624,207.92844498443603,208.20065245819094,203.88092008972166,200.86107505893708,200.4908726468086,202.18701466417315,205.34018163204192,205.6500951938629,271.4264266195297,267.87074127578734,266.07243471813206,267.29134628009797,265.10517381095883,265.24549051856997,266.83596131706236,273.3880353574753,277.4878630447388,279.068966178894,279.17733865547183,276.9738930063248,271.92179763126376,271.1292634897232,271.25904777050016,269.7897494449615,267.904618516922,269.7844460582733,271.30567544364925,271.32503032684326,-9.068944379426028,-0.11578772315105121,-0.9243509001739374,0.33369586,0.16136177,0.75893784,0.21269305,0.06128908,1.0,0.25398305,0.09947485,1.0,0.067437164,0.63941705,0.476439,0.47745502,0.0,0.77258956,0.89488125,0.0072498727,0.16767853,0.14310941,0.5948626,0.006722422,0.7315115,0.0021389825,0.008922488,0.21418217,0.0003149746,0.036207467,data/PEDFE_set_clips/1_dg_1.avi,30,00:00
350.14,136.64,143.95999999999998,174.45999999999998,0.9860075116157532,353.87516464519496,354.74644058847423,357.61705417656896,361.9131104217767,369.42307842493057,381.5221255645752,397.2678149778843,415.45036423873904,434.26910353803635,450.3287545166016,461.50996898317334,470.0710166172981,476.9248260998726,481.46368922996515,485.17971737766266,487.4364147849083,487.4549326586723,371.9826254253387,382.90045932483673,395.71732987904545,408.4757892694473,420.376979666233,445.00741139316557,454.7466150712967,464.6282092194557,474.5956419482231,482.5720663318633,433.51987835168836,434.58812507486346,435.6835122127533,436.9141272468567,420.64865209794044,427.9256212005615,435.77581457948685,442.68551459884645,448.27159842967984,387.66411995887756,395.5805109930038,404.3758396782875,412.58346296024325,404.5179431462288,396.0445434536934,448.5769811282158,455.6571104736328,463.496085814476,470.3111749720573,464.4954146018028,456.9098870601654,408.3099894118309,419.145372603178,429.14093777561186,435.5112485690117,441.89965297222136,449.37379874753947,456.2407728910446,450.11446378469464,443.4562524633407,436.54337046432494,429.43064766454694,419.30750382542607,412.36340722990036,429.1451180233955,435.6935572857857,442.27691097593305,453.0157304434776,442.4208238048554,435.9743950667381,429.4639024715423,200.4575776414871,220.06871722364423,239.65481275415422,258.77267061948777,276.8634478435516,292.45041886377334,304.5171096377373,312.83618955612184,314.03991374254224,310.02733756923675,297.7311574311256,283.0104460568428,266.3783382205963,249.30256259346007,232.46060631847382,215.51269012093545,198.87022525286676,193.68147085428237,187.94950261497496,186.76348520946502,188.7568769197464,192.79344896316528,191.42605871725084,186.77611954045295,184.5115670108795,184.2168907380104,188.12094268751144,204.1706047456264,218.48306813001633,232.59174131536483,246.66271740055086,251.26916328287126,254.51103902673722,256.8779951486588,253.77345614242552,249.31066104364393,205.91079822373388,202.66545973730086,202.2520769057274,205.68985653042793,208.42420027995107,208.88811419630048,203.99348078393933,199.86799424624445,199.30928229284285,201.83037101364135,205.21443133473394,205.67313553929327,272.1232465105056,268.7430981526375,267.16804317951204,268.4457140774727,266.2261647229194,266.12748591852187,267.4028358430862,274.4125872855186,278.721287220478,280.2808690376282,280.3235949134827,277.97232407951356,272.68152796077726,272.21069479846955,272.3376745042801,270.84171980190274,268.6059111552238,270.877832151413,272.4332337207794,272.3982693796157,-6.801343074256965,-0.7761943792933895,-1.4801706208084175,0.30689606,0.16413897,0.7404793,0.25146437,0.07565489,1.0,0.21420091,0.12625964,1.0,0.07539779,0.70655197,0.1991074,0.39661598,0.0,0.7390033,0.9307249,0.027796693,0.2524556,0.19209126,0.210078,0.00632091,0.8933691,0.0010695012,0.0131299645,0.06101536,0.00022942093,0.0248659,data/PEDFE_set_clips/1_dg_1.avi,40,00:01
350.14,139.07999999999998,142.74,173.24,0.9867584109306335,353.38593980336185,354.4689056148529,357.58602380299567,362.10158806180954,369.75313594388956,381.65988339567184,397.02787749576567,414.77157198810573,433.1588721065521,448.9241803245544,460.16540231132507,468.78437218475335,475.50678654479975,479.8851411619187,483.4075812101364,485.6321412773132,485.74646147727964,372.9570939912796,383.8989348430634,396.67904351902007,409.3993651838303,421.1069072709084,443.207352514267,452.92391278362277,462.83760291004177,472.7965948629379,480.64767647361754,432.5718689813614,433.44295024490356,434.34264253616334,435.3907057437897,419.13615390825265,426.44866297054284,434.36153894901275,441.2886417312622,446.9693495130539,386.9699179039001,395.05484417247766,403.69934588766097,411.77222182083125,403.7079762821197,395.34764563846585,447.2670206775665,454.41024885845184,462.1167636175156,468.9561622619629,462.9419978466034,455.45357866954805,408.98032948446274,418.797784207344,428.1117083854675,434.362616973877,440.64592826366425,447.9306874790191,454.660239107132,448.68338426494597,442.28452605724334,435.50918935012817,428.6091734914779,419.24368379068375,412.8363686637878,428.1010272655487,434.51511412334446,441.0032749195099,451.5114276075363,441.3127300109863,434.945184088707,428.6031885948181,199.6735005645752,219.03230553865433,238.50984194087982,257.5571039247513,275.43255288124084,290.8009249095917,302.61155467319486,310.69296187210085,311.69364155006406,307.6731911878586,295.8540983095169,281.59087524223327,265.28495614147187,248.39877466869356,231.6872084417343,214.8648348889351,198.30952650737763,192.67386653470993,187.05480442762374,185.92072846603392,188.04078207683563,192.10862835979464,190.7075429868698,186.12157565021514,183.8116347746849,183.72541756772992,187.95284250831605,203.91029316949846,217.88289560270312,231.54225746631622,245.1557289266586,250.07935347652435,253.15428929519655,255.39729969596863,252.4684300508499,248.2480246629715,205.41053204774855,202.6093587846756,202.3191656432152,205.57173393821716,208.0852666244507,208.40826517772678,203.97353729486466,200.17202510881424,199.67500608205793,201.87130207204817,205.17306919145585,205.6015530972481,271.72248694229125,267.2874678688049,265.0939474830628,266.34495196914673,264.12387379837037,264.6785733509064,266.97573281669617,272.8890089740753,276.65405418109896,278.1513687620163,278.2752301015854,276.3984012041092,271.9129008283615,270.44748091411594,270.5540566825867,269.1146704492569,267.7693325920105,268.91263372039793,270.38841258621216,270.3919812202453,-6.140545272068099,-0.020306684371267956,-2.2420594706567765,0.30151293,0.18020073,0.5435009,0.2536575,0.056170546,0.0,0.18869603,0.0023903353,1.0,0.040944044,0.4493111,0.32224524,0.3041569,0.0,0.67696494,0.88982016,0.003769788,0.15250675,0.12002085,0.20006841,0.0020467853,0.99056256,0.000112377704,0.00019760689,0.0054160426,2.933967e-05,0.0016352903,data/PEDFE_set_clips/1_dg_1.avi,50,00:01
351.36,137.85999999999999,142.73999999999995,173.23999999999998,0.9864106774330139,353.2301973080635,354.2803670010567,357.3433516130447,361.6964903612137,369.1447809920311,381.00342003536224,396.3822067751884,414.08990514993667,432.4308316125869,448.09191836929324,459.2395628414154,468.00998901271817,474.9942890682221,479.5927714061737,483.2606580734253,485.6367983493805,485.85506740665437,372.0419914011955,382.99494706106185,396.027734852314,409.1094860372543,421.2196394333839,443.61707433128356,453.4641375646591,463.4179004774094,473.31967037487027,481.0827008972168,433.1546075935364,434.0301000852585,434.89411842727657,435.90717680454253,419.9229551925659,427.034462182045,434.618106888771,441.2806103267669,446.7642873802185,387.3722794132232,395.37895594596864,403.9978514728546,412.0782240157127,404.09582162904735,395.7529624228477,447.89913778495793,455.0205824289322,462.58655744075776,469.2316142234802,463.4471062774658,456.07940110301973,408.54707922649385,418.5249490056038,427.93473685455325,434.13057943725585,440.39355694770813,447.4642600765228,453.98643441581726,448.03645584869383,441.7462303304672,435.11330442523956,428.32960373210904,418.88063525533676,412.452329621315,427.96747411537166,434.30832962894436,440.72213149166106,450.8188380231857,440.88695777606966,434.5962985696792,428.31464768600466,199.59905687141418,219.11605270099642,238.62453585147858,257.6314896183014,275.6637973880768,291.04374269485476,302.77314886093137,310.8918408508301,311.9218626308441,307.85721324920655,295.9379631872177,281.77455035305024,265.66571154499053,248.91786420536044,232.33189407062534,215.59233637046816,199.03205296611787,193.20576226329806,187.0996187839508,185.61283662986753,187.56425369596482,191.7579005241394,190.5328429813385,185.97901193761822,183.86596548843383,183.92534978914262,188.18696174812317,203.23350618124007,217.20794249582292,230.96270336437226,244.73330624198914,249.76411372375492,252.7939088001251,255.06465046119692,252.1738462457657,248.03279340076446,204.84460194969176,202.2200079202652,201.83856678915026,204.78461048555377,207.3850852575302,207.75230761241914,203.4576981797218,200.06978200435637,199.636502746582,201.69349809837342,204.87277309370043,205.20479855632783,272.1307877397537,267.77622401618953,265.6913982753754,266.9473468065262,264.7682744321823,265.27254224681855,267.55065660667424,273.29330744934083,276.78467064285275,278.21687004375457,278.3817335014343,276.7274485874176,272.31498129844664,270.55580580425266,270.65922184467314,269.2589914569855,268.3757049694061,269.54354045677184,270.97234469890594,270.9894691858292,-6.208815719485059,-0.7365761262995516,-0.5971819852011112,0.30173168,0.12672883,0.6219666,0.26989743,0.053409066,0.0,0.22730367,0.10708664,1.0,0.040661108,0.39396498,0.6240744,0.3431045,0.0,0.54751647,0.8471004,0.010153969,0.32907006,0.09331444,0.4256449,0.0031429534,0.98147076,0.00022705691,0.0004078972,0.012413012,7.129852e-05,0.0022670003,data/PEDFE_set_clips/1_dg_1.avi,60,00:01
351.36,137.85999999999999,142.73999999999995,173.23999999999998,0.9863422513008118,353.3833759675026,354.365633191824,357.30890438175203,361.70010546183585,369.26648008632657,381.24093865156175,396.79246958255766,414.69920604228975,433.14702424621584,448.8781826190948,459.92842072963714,468.5876120824814,475.41445855236054,479.8654993057251,483.42067661476136,485.6617911787033,485.71591546154025,372.6253515458107,383.27706121158604,395.8756404132843,408.48467149972913,420.1749527978897,444.29535022830964,453.74303622722624,463.42067608165735,473.1419325742722,480.86550986480717,433.08708854198454,434.11658989620213,435.15222484016414,436.3254008874893,420.2384447450638,427.3632349834442,434.93655791187285,441.60695447444914,447.03012583351136,387.28454429769516,395.1607984085083,403.92315797996525,412.1237798595428,404.12611164951323,395.6356002101898,447.5779978952408,454.5794472198486,462.33442353343963,469.10635269069667,463.34765538597105,455.80037852954865,408.6705750288963,418.67850559329986,428.17105973052975,434.383692240715,440.60896366310124,447.7607664785385,454.29831816101074,448.4461052970886,442.09869489669796,435.41502747631074,428.50358703231814,418.9292145252228,412.5353127536774,428.1857183904648,434.54892743110656,440.92440365123747,451.1428402547836,441.12356564712525,434.84797400665286,428.51459032058716,200.2021746096611,219.812029270649,239.40545954132077,258.498865945816,276.39401673603055,291.64525578689575,303.2414949045181,311.0635441904068,311.93949515247346,307.7536113424301,295.8448565340042,281.5536791667938,265.30738599300383,248.41239445495606,231.6823531122208,214.82656698417665,198.26109171295164,193.15803178310395,187.34179645013808,185.8702677283287,187.63907109975816,191.51691240262983,190.27301420688627,185.69454347991942,183.40606397294997,183.25812054920198,187.29898523283003,203.2078999929428,217.13477310705184,230.82497639465333,244.50885403060911,250.02782090950012,252.96961446189877,255.09761076164247,252.29031010437012,248.1422686843872,205.28272612380982,202.06804358768463,201.60232445526123,205.07264757728578,207.87706111049653,208.36737036180497,203.3871309199333,199.29831891202926,198.73633959388735,201.23790868234636,204.7514209499359,205.19715325355529,271.807987443924,267.4872018327713,265.29697747707365,266.5839656896591,264.35190901279447,264.9314155282974,267.2441258125305,273.52914707279206,277.47823714542386,278.9912512378693,279.1208000879288,277.0636312608719,272.0080292072296,270.44222906970975,270.5813810148239,269.14135044479366,268.0921348657608,269.5109271068573,270.9930997753143,271.0068538856506,-6.458033580629222,-0.5811436472104217,-1.312668311257259,0.25968623,0.13510166,0.60142255,0.23022968,0.04213344,1.0,0.1687857,0.11318916,1.0,0.030644268,0.48052564,0.34898528,0.38485906,0.0,0.8569374,0.8444016,0.03728359,0.28816843,0.13067615,0.17288569,0.0043006167,0.9369071,0.00034308323,0.00044381907,0.05371893,0.000102393984,0.004183992,data/PEDFE_set_clips/1_dg_1.avi,70,00:02
348.92,137.85999999999999,143.95999999999998,173.23999999999998,0.9871180057525635,353.81618634176255,355.00550797986983,358.0272395541668,362.4468565022945,370.0420899763107,382.015197912693,397.4757100892067,415.2591056351661,433.74160030555726,449.49190291309355,460.65118261909487,469.38318401908873,476.1337509365082,480.34825816535954,483.61162529563904,485.6868851146698,485.6771952819824,372.2795739507675,382.72657660770415,395.2569676389694,407.81107521724704,419.47499447059636,443.8218019046783,453.3242813053131,463.1472934322357,473.0983179140091,480.92243651199334,432.4929996910095,433.51918023300175,434.5673549604416,435.78387504196166,419.85656570816036,426.96720532131195,434.53995825958253,441.2741813287735,446.76612323951724,387.2822787060737,395.04830787229537,403.91247264242173,412.06001728630065,404.08395294237135,395.4988479189872,446.8881259155273,453.80807903862,461.7923400888443,468.6195211181641,462.8374294347763,455.11633036231996,408.38118928623203,418.5155089726448,428.06552679157255,434.2837229013443,440.53464388084416,447.97805861759184,454.9839811258316,448.9087905902863,442.37382864570617,435.63231961536405,428.6767544984817,418.911930932045,412.273856528759,428.1302082834244,434.5107400684356,440.9494480228424,451.8023580188751,441.26493757534024,434.94204914283756,428.6087893676758,201.3119764251709,220.78961195611953,240.13928469657898,259.00858584022524,276.5880240383148,291.70003679752347,303.33276767635346,311.2757911777496,312.22416806316375,307.9705917263031,295.97005611133574,281.5902948389053,265.2314038267135,248.20883362197873,231.2603373556137,214.30275841999054,197.70443436813352,193.87785500621797,187.87284760665892,186.2555872707367,188.0439747605324,191.909486928463,190.54251422739028,185.80942127895355,183.36951025629043,183.16414651966096,187.18729813957214,203.1487821006775,216.95155224895478,230.49599294471741,244.0312146692276,250.08199475669858,252.9194057636261,254.90059242439273,252.10082555007938,247.9798338804245,205.4816279067993,201.5809622154236,201.06894996929168,205.13662277698515,207.95474705171588,208.5240618953705,203.20715033197402,198.40759777021407,197.77596813297274,200.75574657297136,204.41728280639649,204.94153744983674,271.5761501426697,267.78270455646515,265.7171965255737,267.03143274593356,264.6964184989929,264.9835696277618,266.6799718580246,273.3632427635193,277.59869093513487,279.17599000453947,279.30076828479764,277.10034606170655,271.89810784435275,270.9480705528259,271.06449723815916,269.54993425941467,267.64492802238465,269.3881437921524,270.9305991153717,270.94844228553774,-7.207124495886671,-0.20885807977093335,-2.339687933571044,0.21211357,0.19859624,0.54398215,0.42775977,0.045454886,0.0,0.089687176,0.058647662,1.0,0.034012973,0.43855613,0.22810066,0.45230716,0.0,0.60375637,0.76777285,0.058034625,0.19978419,0.10789605,0.042461924,0.019430371,0.5043074,0.0012443997,0.0011119475,0.43878376,0.0002714695,0.034850642,data/PEDFE_set_clips/1_dg_1.avi,80,00:02
348.92,137.85999999999999,142.73999999999995,173.23999999999998,0.9866210222244263,353.54591075825687,354.66085177850726,357.7846270799637,362.5409533228874,370.3615404601097,382.37144993495946,397.7744426698685,415.5689530239105,434.0410701560974,449.81188001823426,460.97394771957397,469.5735007543564,476.108512263298,480.1893444089889,483.2493861370086,484.9891447925568,484.69859850502013,372.65334077930453,383.3840188641548,396.037416249752,408.6015234379768,420.203840385437,444.203251209259,453.6518665399551,463.36738595771783,473.1655167751312,480.77890009880065,432.91879670810704,433.98907714080815,435.08784469032287,436.35798101997375,420.23999758720396,427.33699460983274,434.87930263900756,441.50678885555266,446.9131083316803,387.21017073345183,395.1327613267899,404.0253388671875,412.2397582259178,404.09348986434935,395.46259976196285,446.84752229022973,454.02350012302395,462.0737065563202,468.8758204097748,462.96375857925415,455.1640008649826,408.53967331027985,418.62733434581753,428.2124003639221,434.39632271766664,440.57746946716304,448.0519362764358,454.9823103065491,448.97887657546994,442.43371676349636,435.71846445369715,428.77623215007776,419.01052881622314,412.4426065711975,428.25196511554714,434.5930684509277,440.96964747810364,451.80656057643887,441.3229298563004,435.05663153362275,428.7633578071594,201.4225235381126,220.96130910015108,240.45171364974976,259.36360297107694,276.9331406879425,292.15364983463286,303.9265982923508,311.88200049304965,312.7390178689957,308.47085721874237,296.4914855861664,282.0564228773117,265.68782964134215,248.6067858810425,231.63677868175506,214.7303191895485,198.3339141511917,192.4266228904724,186.7593594417572,185.3972316570282,187.36392693758012,191.30745960617062,190.130863617897,185.4104467549324,182.93696826839445,182.7304831380844,186.79842854976653,203.18230000019074,217.03831466388704,230.62876347827913,244.19524792385104,250.47811313438416,253.33548618793486,255.29267130661012,252.59426355171203,248.5320180416107,205.03392541980745,201.29366239356995,200.92798272943497,205.06649540090558,207.781209830761,208.22067843818664,203.40754524135588,198.64697504997253,198.07687956762314,201.15781267404554,204.82236613798142,205.26760899353027,271.47684794425965,267.7713543176651,265.72393727874754,267.08648636054994,264.7860556468964,265.209917675972,267.02016924476624,273.64167056465146,277.92509703826903,279.4586431674957,279.52192446613316,277.1338143968582,271.83304222869873,271.07833808612827,271.2497812128067,269.78985055160524,267.93709754276273,269.53008373260496,271.01329725265504,270.98414101696017,-7.136971788026758,-0.22959896393909301,-2.5535500803421454,0.29229063,0.20058344,0.57705945,0.3892926,0.043889508,0.0,0.10596482,0.03701459,1.0,0.041663773,0.5807658,0.4243431,0.4129516,0.0,0.52266735,0.82120556,0.019445151,0.19011281,0.28800854,0.047601175,0.028417744,0.34776196,0.002081301,0.0011305396,0.5642325,0.0003758923,0.056000035,data/PEDFE_set_clips/1_dg_1.avi,90,00:02
350.14,136.64,142.74,173.24,0.9872692823410034,353.1756351194382,354.41370640492437,357.6503614420891,362.2189409811497,369.7980288643837,381.7144847354889,397.1777787117958,415.0826131391525,433.60334051895137,449.3699745836258,460.55289649009705,469.0699744272232,475.675949710846,479.85152413368223,483.16932532405855,485.29388929176326,485.23750983047483,371.53111491775513,382.4900368876457,395.27063501167294,407.96181283187866,419.77066447401046,443.86266772079466,453.4450324811935,463.1883946790695,473.0078381719589,480.93481521129604,432.81795603656764,434.0465822134018,435.2912300701141,436.6794658823014,420.6885654726028,427.79904400157926,435.36907089996333,441.92575442600247,447.2608127412796,386.9749239044189,394.84902816104886,403.6461137633323,411.9711483860016,403.89001998662945,395.38373468923567,447.20615564155577,454.25106052017213,462.08532742118837,468.9561622619629,463.12007020664214,455.5232165975571,408.9394264950752,418.98274601364136,428.5300687704086,434.8443577861786,441.1844450521469,448.50111132526393,455.13106336879724,449.26978022670744,442.8144929933548,436.01990053176877,429.0477561359405,419.34710602664944,412.9798760771751,428.6034488077164,435.0432347869873,441.5430308170319,451.87271463012695,441.71288788414,435.33851447105405,428.9587881069183,200.43198175001146,219.96928038120268,239.32211904525755,258.17298224639893,275.9644691743851,291.4234572467804,303.4619839448929,311.85722029018405,313.01525442504885,309.08714246845244,297.11197141551975,282.58407465744017,265.95682980060576,248.70948521614073,231.59080971431734,214.4814027481079,197.7853749485016,193.0608876123428,187.38589212322233,186.17047484874726,188.15542840099334,192.13250994682312,190.48441438245774,185.67940974092485,183.26741584491728,182.90528622817993,186.6643279519081,203.49644090175627,217.64683069992066,231.58420526313782,245.4667244691849,250.71634621620177,253.68673840522766,255.85648028850554,252.94972873973848,248.75124319076536,205.66589778995515,202.6154219837189,202.11412803077695,205.27986575984954,208.11317531585692,208.65039103984833,203.51144031667707,199.54282808113098,198.93743657779694,201.25077261209486,204.76971217727663,205.24498484039304,271.8413462371826,267.6397505245209,265.5723714389801,266.9602231273651,264.70321079444886,265.24890202426906,267.5149226799011,274.0597479324341,278.1180654668808,279.58021413326264,279.62077017211914,277.3578844623566,272.1693755731583,271.08444887161255,271.26112103843684,269.8777797069549,268.4020999698639,269.65651200580595,271.0753785934448,271.03607405471803,-7.278567453503779,-1.6005861752677908,-2.1576528537266846,0.28022444,0.15565608,0.46769288,0.2295655,0.046701293,0.0,0.18266718,0.020413153,1.0,0.026581286,0.34236094,0.3014674,0.47300482,0.0,0.5243085,0.79878175,0.004955582,0.24048893,0.25945646,0.2002294,0.01999154,0.09785967,0.0017677452,0.0009771093,0.8137994,0.00032590723,0.065278724,data/PEDFE_set_clips/1_dg_1.avi,100,00:03
350.14,137.85999999999999,142.74,173.23999999999998,0.9872023463249207,353.5583060662746,354.6333384821415,357.60253183317184,362.0426281559467,369.6821473870277,381.62814361763003,397.01644671487804,414.76206182622906,433.1858599014282,448.9073284416198,460.0876110458374,468.7602467317581,475.5638103427887,479.8963922719955,483.3085516157151,485.500300075531,485.54220674324034,372.3798736319542,383.16742062616345,395.79361956834794,408.3595110735893,419.996931980133,443.47348835372924,453.0011712322235,462.820428858757,472.8288240890503,480.8914835681916,432.587618057251,433.5692898025512,434.55569494438174,435.6865802001953,419.7070176382065,426.75183577919006,434.21702166175845,440.90845829582213,446.408033118248,386.91342072725297,394.73172170829775,403.8124021964073,412.1177535719872,403.96519053649905,395.15640774488446,446.88631681632995,453.84333169078826,462.0064209575653,468.9455554885864,463.17353776168824,455.2607856941223,408.37661697387693,418.12464441728594,427.46870992279054,433.6283085660934,439.8835168628692,447.27503771305084,454.1974566631317,448.2827059659958,441.7627124586105,435.0315375976562,428.1020681171417,418.5370384922027,412.32683463573454,427.4924016876221,433.82553755187985,440.2283237352371,450.9023559503555,440.66678246879576,434.370720746994,428.0816104269028,200.50667326498032,220.1032136993408,239.57122754859924,258.6018730802536,276.2908609085083,291.4937499246597,303.32696864604947,311.5808722143173,312.7127983217239,308.5645586442947,296.5445814085007,282.0685661458969,265.61925734710695,248.53554950237273,231.47961009120942,214.3312517323494,197.55206112957,192.36125988864896,186.8147971801758,185.6383003206253,187.603601603508,191.5016403837204,189.8430185880661,185.0767980594635,182.52593101787568,182.09301729726792,185.93450933647154,203.1104998269081,217.0833996462822,230.8359549007416,244.5543169412613,250.29984251689913,253.18668158340455,255.2744687948227,252.55451293373105,248.50816519260405,205.12303594636919,201.23179987478255,200.82803619432448,205.1879404778481,208.133903632164,208.62102217769623,203.31419076633455,198.22562221670148,197.5129114794731,200.598807217598,204.63824073028567,205.22181771898266,271.67446105384823,267.64917816638945,265.4904395713806,266.913073050499,264.63919644355775,265.3248078660965,267.61505310344694,274.409930560112,278.65544029712675,280.1490375509262,280.14932254600524,277.62888802242276,271.9925279531479,271.07636790275575,271.2991349258423,269.89174248790744,268.4628267259598,269.8898962154388,271.34083094501494,271.2519992179871,-6.816533483046048,-1.0310460998846032,-1.4139364334469002,0.29606166,0.14077935,0.47033757,0.42978153,0.049028818,0.0,0.08335601,0.0049086073,1.0,0.03742732,0.5623224,0.34673607,0.4354423,0.0,0.68055403,0.8368941,0.18333858,0.31011662,0.14459378,0.039716713,0.032762375,0.4648222,0.002275613,0.00096554664,0.4612121,0.00031901014,0.037643094,data/PEDFE_set_clips/1_dg_1.avi,110,00:03
